"DATE","HOUR_MIN","DEMAND"
2005-03-01,"6:30",1
2005-03-01,"6:45",2
2005-03-01,"7:00",4
2005-03-01,"7:15",0
2005-03-01,"7:30",10
2005-03-01,"7:45",13
2005-03-01,"8:00",18
2005-03-01,"8:15",19
2005-03-01,"8:30",23
2005-03-01,"8:45",13
2005-03-01,"9:00",14
2005-03-01,"9:15",14
2005-03-01,"9:30",28
2005-03-01,"9:45",20
2005-03-01,"10:00",17
2005-03-01,"10:15",27
2005-03-01,"10:30",15
2005-03-01,"10:45",31
2005-03-01,"11:00",29
2005-03-01,"11:15",25
2005-03-01,"11:30",33
2005-03-01,"11:45",40
2005-03-01,"12:00",36
2005-03-01,"12:15",49
2005-03-01,"12:30",43
2005-03-01,"12:45",47
2005-03-01,"13:00",43
2005-03-01,"13:15",51
2005-03-01,"13:30",38
2005-03-01,"13:45",34
2005-03-01,"14:00",47
2005-03-01,"14:15",45
2005-03-01,"14:30",35
2005-03-01,"14:45",34
2005-03-01,"15:00",31
2005-03-01,"15:15",37
2005-03-01,"15:30",32
2005-03-01,"15:45",32
2005-03-01,"16:00",45
2005-03-01,"16:15",28
2005-03-01,"16:30",40
2005-03-01,"16:45",27
2005-03-01,"17:00",41
2005-03-01,"17:15",44
2005-03-01,"17:30",50
2005-03-01,"17:45",44
2005-03-01,"18:00",50
2005-03-01,"18:15",62
2005-03-01,"18:30",62
2005-03-01,"18:45",69
2005-03-01,"19:00",98
2005-03-01,"19:15",82
2005-03-01,"19:30",66
2005-03-01,"19:45",60
2005-03-01,"20:00",79
2005-03-01,"20:15",60
2005-03-01,"20:30",46
2005-03-01,"20:45",36
2005-03-01,"21:00",27
2005-03-01,"21:15",26
2005-03-01,"21:30",24
2005-03-01,"21:45",12
2005-03-01,"22:00",8
2005-03-02,"6:30",4
2005-03-02,"6:45",3
2005-03-02,"7:00",2
2005-03-02,"7:15",3
2005-03-02,"7:30",10
2005-03-02,"7:45",13
2005-03-02,"8:00",9
2005-03-02,"8:15",16
2005-03-02,"8:30",21
2005-03-02,"8:45",20
2005-03-02,"9:00",12
2005-03-02,"9:15",19
2005-03-02,"9:30",26
2005-03-02,"9:45",18
2005-03-02,"10:00",15
2005-03-02,"10:15",18
2005-03-02,"10:30",33
2005-03-02,"10:45",38
2005-03-02,"11:00",32
2005-03-02,"11:15",32
2005-03-02,"11:30",28
2005-03-02,"11:45",24
2005-03-02,"12:00",41
2005-03-02,"12:15",35
2005-03-02,"12:30",43
2005-03-02,"12:45",41
2005-03-02,"13:00",40
2005-03-02,"13:15",41
2005-03-02,"13:30",44
2005-03-02,"13:45",50
2005-03-02,"14:00",48
2005-03-02,"14:15",56
2005-03-02,"14:30",42
2005-03-02,"14:45",36
2005-03-02,"15:00",33
2005-03-02,"15:15",25
2005-03-02,"15:30",30
2005-03-02,"15:45",31
2005-03-02,"16:00",30
2005-03-02,"16:15",20
2005-03-02,"16:30",33
2005-03-02,"16:45",27
2005-03-02,"17:00",33
2005-03-02,"17:15",39
2005-03-02,"17:30",42
2005-03-02,"17:45",50
2005-03-02,"18:00",54
2005-03-02,"18:15",76
2005-03-02,"18:30",84
2005-03-02,"18:45",79
2005-03-02,"19:00",75
2005-03-02,"19:15",75
2005-03-02,"19:30",65
2005-03-02,"19:45",71
2005-03-02,"20:00",46
2005-03-02,"20:15",43
2005-03-02,"20:30",41
2005-03-02,"20:45",30
2005-03-02,"21:00",31
2005-03-02,"21:15",31
2005-03-02,"21:30",29
2005-03-02,"21:45",12
2005-03-02,"22:00",9
2005-03-03,"6:30",2
2005-03-03,"6:45",2
2005-03-03,"7:00",7
2005-03-03,"7:15",4
2005-03-03,"7:30",11
2005-03-03,"7:45",6
2005-03-03,"8:00",17
2005-03-03,"8:15",15
2005-03-03,"8:30",24
2005-03-03,"8:45",11
2005-03-03,"9:00",15
2005-03-03,"9:15",18
2005-03-03,"9:30",20
2005-03-03,"9:45",19
2005-03-03,"10:00",26
2005-03-03,"10:15",25
2005-03-03,"10:30",33
2005-03-03,"10:45",18
2005-03-03,"11:00",23
2005-03-03,"11:15",33
2005-03-03,"11:30",35
2005-03-03,"11:45",39
2005-03-03,"12:00",45
2005-03-03,"12:15",36
2005-03-03,"12:30",37
2005-03-03,"12:45",49
2005-03-03,"13:00",48
2005-03-03,"13:15",45
2005-03-03,"13:30",45
2005-03-03,"13:45",48
2005-03-03,"14:00",54
2005-03-03,"14:15",35
2005-03-03,"14:30",27
2005-03-03,"14:45",30
2005-03-03,"15:00",26
2005-03-03,"15:15",30
2005-03-03,"15:30",30
2005-03-03,"15:45",24
2005-03-03,"16:00",22
2005-03-03,"16:15",19
2005-03-03,"16:30",27
2005-03-03,"16:45",24
2005-03-03,"17:00",33
2005-03-03,"17:15",39
2005-03-03,"17:30",30
2005-03-03,"17:45",48
2005-03-03,"18:00",45
2005-03-03,"18:15",77
2005-03-03,"18:30",87
2005-03-03,"18:45",87
2005-03-03,"19:00",61
2005-03-03,"19:15",69
2005-03-03,"19:30",81
2005-03-03,"19:45",68
2005-03-03,"20:00",54
2005-03-03,"20:15",38
2005-03-03,"20:30",39
2005-03-03,"20:45",35
2005-03-03,"21:00",21
2005-03-03,"21:15",28
2005-03-03,"21:30",15
2005-03-03,"21:45",11
2005-03-03,"22:00",3
2005-03-04,"6:30",2
2005-03-04,"6:45",1
2005-03-04,"7:00",3
2005-03-04,"7:15",5
2005-03-04,"7:30",9
2005-03-04,"7:45",7
2005-03-04,"8:00",14
2005-03-04,"8:15",8
2005-03-04,"8:30",5
2005-03-04,"8:45",10
2005-03-04,"9:00",12
2005-03-04,"9:15",22
2005-03-04,"9:30",15
2005-03-04,"9:45",24
2005-03-04,"10:00",16
2005-03-04,"10:15",28
2005-03-04,"10:30",20
2005-03-04,"10:45",22
2005-03-04,"11:00",33
2005-03-04,"11:15",32
2005-03-04,"11:30",26
2005-03-04,"11:45",33
2005-03-04,"12:00",34
2005-03-04,"12:15",47
2005-03-04,"12:30",35
2005-03-04,"12:45",39
2005-03-04,"13:00",37
2005-03-04,"13:15",43
2005-03-04,"13:30",50
2005-03-04,"13:45",53
2005-03-04,"14:00",45
2005-03-04,"14:15",37
2005-03-04,"14:30",47
2005-03-04,"14:45",39
2005-03-04,"15:00",34
2005-03-04,"15:15",39
2005-03-04,"15:30",39
2005-03-04,"15:45",32
2005-03-04,"16:00",24
2005-03-04,"16:15",39
2005-03-04,"16:30",36
2005-03-04,"16:45",41
2005-03-04,"17:00",51
2005-03-04,"17:15",57
2005-03-04,"17:30",67
2005-03-04,"17:45",49
2005-03-04,"18:00",62
2005-03-04,"18:15",51
2005-03-04,"18:30",50
2005-03-04,"18:45",57
2005-03-04,"19:00",54
2005-03-04,"19:15",58
2005-03-04,"19:30",47
2005-03-04,"19:45",38
2005-03-04,"20:00",45
2005-03-04,"20:15",31
2005-03-04,"20:30",41
2005-03-04,"20:45",30
2005-03-04,"21:00",28
2005-03-04,"21:15",26
2005-03-04,"21:30",16
2005-03-04,"21:45",13
2005-03-04,"22:00",5
2005-03-05,"6:30",0
2005-03-05,"6:45",1
2005-03-05,"7:00",1
2005-03-05,"7:15",1
2005-03-05,"7:30",2
2005-03-05,"7:45",1
2005-03-05,"8:00",4
2005-03-05,"8:15",0
2005-03-05,"8:30",5
2005-03-05,"8:45",1
2005-03-05,"9:00",3
2005-03-05,"9:15",2
2005-03-05,"9:30",3
2005-03-05,"9:45",2
2005-03-05,"10:00",5
2005-03-05,"10:15",3
2005-03-05,"10:30",3
2005-03-05,"10:45",6
2005-03-05,"11:00",2
2005-03-05,"11:15",3
2005-03-05,"11:30",6
2005-03-05,"11:45",10
2005-03-05,"12:00",8
2005-03-05,"12:15",4
2005-03-05,"12:30",6
2005-03-05,"12:45",9
2005-03-05,"13:00",9
2005-03-05,"13:15",14
2005-03-05,"13:30",14
2005-03-05,"13:45",10
2005-03-05,"14:00",12
2005-03-05,"14:15",5
2005-03-05,"14:30",9
2005-03-05,"14:45",8
2005-03-05,"15:00",11
2005-03-05,"15:15",5
2005-03-05,"15:30",7
2005-03-05,"15:45",3
2005-03-05,"16:00",7
2005-03-05,"16:15",6
2005-03-05,"16:30",2
2005-03-05,"16:45",2
2005-03-05,"17:00",1
2005-03-05,"17:15",3
2005-03-05,"17:30",2
2005-03-05,"17:45",9
2005-03-05,"18:00",4
2005-03-05,"18:15",1
2005-03-05,"18:30",3
2005-03-05,"18:45",2
2005-03-05,"19:00",3
2005-03-05,"19:15",2
2005-03-05,"19:30",3
2005-03-05,"19:45",2
2005-03-05,"20:00",3
2005-03-05,"20:15",0
2005-03-05,"20:30",1
2005-03-05,"20:45",2
2005-03-05,"21:00",4
2005-03-05,"21:15",0
2005-03-05,"21:30",4
2005-03-05,"21:45",0
2005-03-05,"22:00",0
2005-03-06,"6:30",0
2005-03-06,"6:45",0
2005-03-06,"7:00",0
2005-03-06,"7:15",0
2005-03-06,"7:30",0
2005-03-06,"7:45",0
2005-03-06,"8:00",0
2005-03-06,"8:15",0
2005-03-06,"8:30",0
2005-03-06,"8:45",0
2005-03-06,"9:00",0
2005-03-06,"9:15",0
2005-03-06,"9:30",0
2005-03-06,"9:45",2
2005-03-06,"10:00",0
2005-03-06,"10:15",1
2005-03-06,"10:30",1
2005-03-06,"10:45",0
2005-03-06,"11:00",0
2005-03-06,"11:15",0
2005-03-06,"11:30",0
2005-03-06,"11:45",5
2005-03-06,"12:00",1
2005-03-06,"12:15",1
2005-03-06,"12:30",1
2005-03-06,"12:45",2
2005-03-06,"13:00",1
2005-03-06,"13:15",1
2005-03-06,"13:30",0
2005-03-06,"13:45",3
2005-03-06,"14:00",1
2005-03-06,"14:15",1
2005-03-06,"14:30",1
2005-03-06,"14:45",1
2005-03-06,"15:00",4
2005-03-06,"15:15",0
2005-03-06,"15:30",2
2005-03-06,"15:45",2
2005-03-06,"16:00",2
2005-03-06,"16:15",2
2005-03-06,"16:30",4
2005-03-06,"16:45",0
2005-03-06,"17:00",0
2005-03-06,"17:15",1
2005-03-06,"17:30",1
2005-03-06,"17:45",1
2005-03-06,"18:00",2
2005-03-06,"18:15",0
2005-03-06,"18:30",5
2005-03-06,"18:45",2
2005-03-06,"19:00",3
2005-03-06,"19:15",3
2005-03-06,"19:30",4
2005-03-06,"19:45",1
2005-03-06,"20:00",3
2005-03-06,"20:15",4
2005-03-06,"20:30",0
2005-03-06,"20:45",0
2005-03-06,"21:00",0
2005-03-06,"21:15",4
2005-03-06,"21:30",1
2005-03-06,"21:45",0
2005-03-06,"22:00",0
2005-03-07,"6:30",4
2005-03-07,"6:45",2
2005-03-07,"7:00",3
2005-03-07,"7:15",7
2005-03-07,"7:30",12
2005-03-07,"7:45",18
2005-03-07,"8:00",25
2005-03-07,"8:15",16
2005-03-07,"8:30",17
2005-03-07,"8:45",18
2005-03-07,"9:00",20
2005-03-07,"9:15",17
2005-03-07,"9:30",14
2005-03-07,"9:45",16
2005-03-07,"10:00",19
2005-03-07,"10:15",20
2005-03-07,"10:30",24
2005-03-07,"10:45",37
2005-03-07,"11:00",32
2005-03-07,"11:15",37
2005-03-07,"11:30",31
2005-03-07,"11:45",37
2005-03-07,"12:00",31
2005-03-07,"12:15",41
2005-03-07,"12:30",46
2005-03-07,"12:45",45
2005-03-07,"13:00",54
2005-03-07,"13:15",53
2005-03-07,"13:30",75
2005-03-07,"13:45",54
2005-03-07,"14:00",50
2005-03-07,"14:15",70
2005-03-07,"14:30",43
2005-03-07,"14:45",35
2005-03-07,"15:00",31
2005-03-07,"15:15",33
2005-03-07,"15:30",45
2005-03-07,"15:45",32
2005-03-07,"16:00",37
2005-03-07,"16:15",44
2005-03-07,"16:30",35
2005-03-07,"16:45",41
2005-03-07,"17:00",38
2005-03-07,"17:15",52
2005-03-07,"17:30",48
2005-03-07,"17:45",59
2005-03-07,"18:00",66
2005-03-07,"18:15",100
2005-03-07,"18:30",115
2005-03-07,"18:45",136
2005-03-07,"19:00",100
2005-03-07,"19:15",90
2005-03-07,"19:30",71
2005-03-07,"19:45",70
2005-03-07,"20:00",69
2005-03-07,"20:15",55
2005-03-07,"20:30",50
2005-03-07,"20:45",42
2005-03-07,"21:00",20
2005-03-07,"21:15",22
2005-03-07,"21:30",18
2005-03-07,"21:45",14
2005-03-07,"22:00",7
2005-03-08,"6:30",5
2005-03-08,"6:45",3
2005-03-08,"7:00",1
2005-03-08,"7:15",8
2005-03-08,"7:30",6
2005-03-08,"7:45",11
2005-03-08,"8:00",18
2005-03-08,"8:15",6
2005-03-08,"8:30",12
2005-03-08,"8:45",20
2005-03-08,"9:00",20
2005-03-08,"9:15",27
2005-03-08,"9:30",22
2005-03-08,"9:45",22
2005-03-08,"10:00",32
2005-03-08,"10:15",26
2005-03-08,"10:30",18
2005-03-08,"10:45",23
2005-03-08,"11:00",29
2005-03-08,"11:15",41
2005-03-08,"11:30",31
2005-03-08,"11:45",43
2005-03-08,"12:00",45
2005-03-08,"12:15",52
2005-03-08,"12:30",42
2005-03-08,"12:45",48
2005-03-08,"13:00",45
2005-03-08,"13:15",65
2005-03-08,"13:30",51
2005-03-08,"13:45",48
2005-03-08,"14:00",43
2005-03-08,"14:15",36
2005-03-08,"14:30",32
2005-03-08,"14:45",40
2005-03-08,"15:00",36
2005-03-08,"15:15",45
2005-03-08,"15:30",32
2005-03-08,"15:45",30
2005-03-08,"16:00",42
2005-03-08,"16:15",24
2005-03-08,"16:30",35
2005-03-08,"16:45",25
2005-03-08,"17:00",39
2005-03-08,"17:15",35
2005-03-08,"17:30",41
2005-03-08,"17:45",53
2005-03-08,"18:00",63
2005-03-08,"18:15",89
2005-03-08,"18:30",98
2005-03-08,"18:45",91
2005-03-08,"19:00",77
2005-03-08,"19:15",80
2005-03-08,"19:30",64
2005-03-08,"19:45",67
2005-03-08,"20:00",40
2005-03-08,"20:15",55
2005-03-08,"20:30",48
2005-03-08,"20:45",33
2005-03-08,"21:00",31
2005-03-08,"21:15",27
2005-03-08,"21:30",19
2005-03-08,"21:45",15
2005-03-08,"22:00",4
2005-03-09,"6:30",1
2005-03-09,"6:45",1
2005-03-09,"7:00",2
2005-03-09,"7:15",4
2005-03-09,"7:30",12
2005-03-09,"7:45",15
2005-03-09,"8:00",11
2005-03-09,"8:15",20
2005-03-09,"8:30",15
2005-03-09,"8:45",15
2005-03-09,"9:00",17
2005-03-09,"9:15",21
2005-03-09,"9:30",14
2005-03-09,"9:45",14
2005-03-09,"10:00",20
2005-03-09,"10:15",20
2005-03-09,"10:30",29
2005-03-09,"10:45",22
2005-03-09,"11:00",29
2005-03-09,"11:15",19
2005-03-09,"11:30",30
2005-03-09,"11:45",24
2005-03-09,"12:00",42
2005-03-09,"12:15",37
2005-03-09,"12:30",31
2005-03-09,"12:45",48
2005-03-09,"13:00",44
2005-03-09,"13:15",37
2005-03-09,"13:30",38
2005-03-09,"13:45",56
2005-03-09,"14:00",42
2005-03-09,"14:15",50
2005-03-09,"14:30",45
2005-03-09,"14:45",32
2005-03-09,"15:00",50
2005-03-09,"15:15",36
2005-03-09,"15:30",39
2005-03-09,"15:45",26
2005-03-09,"16:00",22
2005-03-09,"16:15",31
2005-03-09,"16:30",34
2005-03-09,"16:45",25
2005-03-09,"17:00",34
2005-03-09,"17:15",35
2005-03-09,"17:30",38
2005-03-09,"17:45",55
2005-03-09,"18:00",66
2005-03-09,"18:15",74
2005-03-09,"18:30",76
2005-03-09,"18:45",93
2005-03-09,"19:00",95
2005-03-09,"19:15",63
2005-03-09,"19:30",54
2005-03-09,"19:45",59
2005-03-09,"20:00",57
2005-03-09,"20:15",60
2005-03-09,"20:30",45
2005-03-09,"20:45",40
2005-03-09,"21:00",27
2005-03-09,"21:15",28
2005-03-09,"21:30",19
2005-03-09,"21:45",11
2005-03-09,"22:00",6
2005-03-10,"6:30",0
2005-03-10,"6:45",2
2005-03-10,"7:00",2
2005-03-10,"7:15",8
2005-03-10,"7:30",7
2005-03-10,"7:45",9
2005-03-10,"8:00",13
2005-03-10,"8:15",14
2005-03-10,"8:30",15
2005-03-10,"8:45",18
2005-03-10,"9:00",10
2005-03-10,"9:15",26
2005-03-10,"9:30",15
2005-03-10,"9:45",17
2005-03-10,"10:00",13
2005-03-10,"10:15",18
2005-03-10,"10:30",22
2005-03-10,"10:45",35
2005-03-10,"11:00",37
2005-03-10,"11:15",30
2005-03-10,"11:30",29
2005-03-10,"11:45",36
2005-03-10,"12:00",40
2005-03-10,"12:15",31
2005-03-10,"12:30",34
2005-03-10,"12:45",49
2005-03-10,"13:00",51
2005-03-10,"13:15",47
2005-03-10,"13:30",41
2005-03-10,"13:45",53
2005-03-10,"14:00",48
2005-03-10,"14:15",55
2005-03-10,"14:30",31
2005-03-10,"14:45",35
2005-03-10,"15:00",31
2005-03-10,"15:15",33
2005-03-10,"15:30",27
2005-03-10,"15:45",39
2005-03-10,"16:00",28
2005-03-10,"16:15",30
2005-03-10,"16:30",35
2005-03-10,"16:45",30
2005-03-10,"17:00",32
2005-03-10,"17:15",31
2005-03-10,"17:30",44
2005-03-10,"17:45",48
2005-03-10,"18:00",57
2005-03-10,"18:15",74
2005-03-10,"18:30",77
2005-03-10,"18:45",89
2005-03-10,"19:00",69
2005-03-10,"19:15",83
2005-03-10,"19:30",44
2005-03-10,"19:45",59
2005-03-10,"20:00",46
2005-03-10,"20:15",39
2005-03-10,"20:30",36
2005-03-10,"20:45",33
2005-03-10,"21:00",39
2005-03-10,"21:15",35
2005-03-10,"21:30",18
2005-03-10,"21:45",10
2005-03-10,"22:00",4
2005-03-11,"6:30",2
2005-03-11,"6:45",1
2005-03-11,"7:00",3
2005-03-11,"7:15",3
2005-03-11,"7:30",12
2005-03-11,"7:45",12
2005-03-11,"8:00",15
2005-03-11,"8:15",14
2005-03-11,"8:30",12
2005-03-11,"8:45",15
2005-03-11,"9:00",15
2005-03-11,"9:15",23
2005-03-11,"9:30",27
2005-03-11,"9:45",21
2005-03-11,"10:00",21
2005-03-11,"10:15",21
2005-03-11,"10:30",21
2005-03-11,"10:45",24
2005-03-11,"11:00",26
2005-03-11,"11:15",30
2005-03-11,"11:30",37
2005-03-11,"11:45",30
2005-03-11,"12:00",38
2005-03-11,"12:15",44
2005-03-11,"12:30",55
2005-03-11,"12:45",52
2005-03-11,"13:00",38
2005-03-11,"13:15",42
2005-03-11,"13:30",42
2005-03-11,"13:45",53
2005-03-11,"14:00",40
2005-03-11,"14:15",55
2005-03-11,"14:30",35
2005-03-11,"14:45",40
2005-03-11,"15:00",31
2005-03-11,"15:15",44
2005-03-11,"15:30",22
2005-03-11,"15:45",34
2005-03-11,"16:00",36
2005-03-11,"16:15",38
2005-03-11,"16:30",34
2005-03-11,"16:45",47
2005-03-11,"17:00",47
2005-03-11,"17:15",67
2005-03-11,"17:30",45
2005-03-11,"17:45",47
2005-03-11,"18:00",56
2005-03-11,"18:15",66
2005-03-11,"18:30",48
2005-03-11,"18:45",55
2005-03-11,"19:00",52
2005-03-11,"19:15",51
2005-03-11,"19:30",39
2005-03-11,"19:45",47
2005-03-11,"20:00",38
2005-03-11,"20:15",26
2005-03-11,"20:30",28
2005-03-11,"20:45",27
2005-03-11,"21:00",24
2005-03-11,"21:15",16
2005-03-11,"21:30",10
2005-03-11,"21:45",7
2005-03-11,"22:00",4
2005-03-12,"6:30",2
2005-03-12,"6:45",1
2005-03-12,"7:00",3
2005-03-12,"7:15",0
2005-03-12,"7:30",1
2005-03-12,"7:45",3
2005-03-12,"8:00",3
2005-03-12,"8:15",1
2005-03-12,"8:30",4
2005-03-12,"8:45",1
2005-03-12,"9:00",3
2005-03-12,"9:15",5
2005-03-12,"9:30",3
2005-03-12,"9:45",5
2005-03-12,"10:00",1
2005-03-12,"10:15",4
2005-03-12,"10:30",3
2005-03-12,"10:45",6
2005-03-12,"11:00",4
2005-03-12,"11:15",2
2005-03-12,"11:30",6
2005-03-12,"11:45",6
2005-03-12,"12:00",2
2005-03-12,"12:15",9
2005-03-12,"12:30",7
2005-03-12,"12:45",14
2005-03-12,"13:00",10
2005-03-12,"13:15",6
2005-03-12,"13:30",12
2005-03-12,"13:45",9
2005-03-12,"14:00",9
2005-03-12,"14:15",9
2005-03-12,"14:30",5
2005-03-12,"14:45",5
2005-03-12,"15:00",7
2005-03-12,"15:15",10
2005-03-12,"15:30",5
2005-03-12,"15:45",5
2005-03-12,"16:00",4
2005-03-12,"16:15",3
2005-03-12,"16:30",1
2005-03-12,"16:45",3
2005-03-12,"17:00",6
2005-03-12,"17:15",2
2005-03-12,"17:30",6
2005-03-12,"17:45",1
2005-03-12,"18:00",5
2005-03-12,"18:15",9
2005-03-12,"18:30",2
2005-03-12,"18:45",3
2005-03-12,"19:00",1
2005-03-12,"19:15",3
2005-03-12,"19:30",1
2005-03-12,"19:45",2
2005-03-12,"20:00",0
2005-03-12,"20:15",3
2005-03-12,"20:30",2
2005-03-12,"20:45",2
2005-03-12,"21:00",1
2005-03-12,"21:15",2
2005-03-12,"21:30",1
2005-03-12,"21:45",0
2005-03-12,"22:00",0
2005-03-13,"6:30",0
2005-03-13,"6:45",0
2005-03-13,"7:00",0
2005-03-13,"7:15",0
2005-03-13,"7:30",0
2005-03-13,"7:45",0
2005-03-13,"8:00",0
2005-03-13,"8:15",1
2005-03-13,"8:30",0
2005-03-13,"8:45",0
2005-03-13,"9:00",0
2005-03-13,"9:15",1
2005-03-13,"9:30",0
2005-03-13,"9:45",0
2005-03-13,"10:00",2
2005-03-13,"10:15",0
2005-03-13,"10:30",0
2005-03-13,"10:45",1
2005-03-13,"11:00",2
2005-03-13,"11:15",0
2005-03-13,"11:30",1
2005-03-13,"11:45",1
2005-03-13,"12:00",2
2005-03-13,"12:15",1
2005-03-13,"12:30",2
2005-03-13,"12:45",2
2005-03-13,"13:00",3
2005-03-13,"13:15",3
2005-03-13,"13:30",0
2005-03-13,"13:45",2
2005-03-13,"14:00",2
2005-03-13,"14:15",2
2005-03-13,"14:30",0
2005-03-13,"14:45",2
2005-03-13,"15:00",4
2005-03-13,"15:15",1
2005-03-13,"15:30",0
2005-03-13,"15:45",0
2005-03-13,"16:00",3
2005-03-13,"16:15",1
2005-03-13,"16:30",1
2005-03-13,"16:45",1
2005-03-13,"17:00",4
2005-03-13,"17:15",3
2005-03-13,"17:30",1
2005-03-13,"17:45",1
2005-03-13,"18:00",0
2005-03-13,"18:15",2
2005-03-13,"18:30",0
2005-03-13,"18:45",0
2005-03-13,"19:00",1
2005-03-13,"19:15",2
2005-03-13,"19:30",4
2005-03-13,"19:45",0
2005-03-13,"20:00",1
2005-03-13,"20:15",3
2005-03-13,"20:30",1
2005-03-13,"20:45",1
2005-03-13,"21:00",1
2005-03-13,"21:15",1
2005-03-13,"21:30",0
2005-03-13,"21:45",0
2005-03-13,"22:00",0
2005-03-14,"6:30",2
2005-03-14,"6:45",3
2005-03-14,"7:00",8
2005-03-14,"7:15",7
2005-03-14,"7:30",11
2005-03-14,"7:45",17
2005-03-14,"8:00",26
2005-03-14,"8:15",20
2005-03-14,"8:30",19
2005-03-14,"8:45",17
2005-03-14,"9:00",22
2005-03-14,"9:15",24
2005-03-14,"9:30",27
2005-03-14,"9:45",26
2005-03-14,"10:00",24
2005-03-14,"10:15",28
2005-03-14,"10:30",32
2005-03-14,"10:45",29
2005-03-14,"11:00",27
2005-03-14,"11:15",36
2005-03-14,"11:30",30
2005-03-14,"11:45",35
2005-03-14,"12:00",49
2005-03-14,"12:15",38
2005-03-14,"12:30",50
2005-03-14,"12:45",49
2005-03-14,"13:00",57
2005-03-14,"13:15",45
2005-03-14,"13:30",59
2005-03-14,"13:45",51
2005-03-14,"14:00",40
2005-03-14,"14:15",52
2005-03-14,"14:30",53
2005-03-14,"14:45",42
2005-03-14,"15:00",38
2005-03-14,"15:15",37
2005-03-14,"15:30",34
2005-03-14,"15:45",47
2005-03-14,"16:00",26
2005-03-14,"16:15",35
2005-03-14,"16:30",26
2005-03-14,"16:45",39
2005-03-14,"17:00",30
2005-03-14,"17:15",47
2005-03-14,"17:30",55
2005-03-14,"17:45",70
2005-03-14,"18:00",62
2005-03-14,"18:15",113
2005-03-14,"18:30",108
2005-03-14,"18:45",116
2005-03-14,"19:00",98
2005-03-14,"19:15",91
2005-03-14,"19:30",77
2005-03-14,"19:45",62
2005-03-14,"20:00",56
2005-03-14,"20:15",54
2005-03-14,"20:30",42
2005-03-14,"20:45",23
2005-03-14,"21:00",23
2005-03-14,"21:15",28
2005-03-14,"21:30",13
2005-03-14,"21:45",7
2005-03-14,"22:00",7
2005-03-15,"6:30",0
2005-03-15,"6:45",2
2005-03-15,"7:00",4
2005-03-15,"7:15",7
2005-03-15,"7:30",13
2005-03-15,"7:45",11
2005-03-15,"8:00",18
2005-03-15,"8:15",21
2005-03-15,"8:30",19
2005-03-15,"8:45",12
2005-03-15,"9:00",12
2005-03-15,"9:15",19
2005-03-15,"9:30",27
2005-03-15,"9:45",18
2005-03-15,"10:00",20
2005-03-15,"10:15",24
2005-03-15,"10:30",29
2005-03-15,"10:45",25
2005-03-15,"11:00",38
2005-03-15,"11:15",43
2005-03-15,"11:30",49
2005-03-15,"11:45",33
2005-03-15,"12:00",42
2005-03-15,"12:15",39
2005-03-15,"12:30",45
2005-03-15,"12:45",46
2005-03-15,"13:00",54
2005-03-15,"13:15",64
2005-03-15,"13:30",57
2005-03-15,"13:45",64
2005-03-15,"14:00",36
2005-03-15,"14:15",42
2005-03-15,"14:30",44
2005-03-15,"14:45",33
2005-03-15,"15:00",45
2005-03-15,"15:15",27
2005-03-15,"15:30",35
2005-03-15,"15:45",40
2005-03-15,"16:00",39
2005-03-15,"16:15",38
2005-03-15,"16:30",29
2005-03-15,"16:45",35
2005-03-15,"17:00",34
2005-03-15,"17:15",39
2005-03-15,"17:30",41
2005-03-15,"17:45",58
2005-03-15,"18:00",66
2005-03-15,"18:15",92
2005-03-15,"18:30",115
2005-03-15,"18:45",110
2005-03-15,"19:00",95
2005-03-15,"19:15",83
2005-03-15,"19:30",88
2005-03-15,"19:45",43
2005-03-15,"20:00",50
2005-03-15,"20:15",47
2005-03-15,"20:30",50
2005-03-15,"20:45",40
2005-03-15,"21:00",34
2005-03-15,"21:15",23
2005-03-15,"21:30",19
2005-03-15,"21:45",12
2005-03-15,"22:00",9
2005-03-16,"6:30",1
2005-03-16,"6:45",6
2005-03-16,"7:00",1
2005-03-16,"7:15",6
2005-03-16,"7:30",12
2005-03-16,"7:45",11
2005-03-16,"8:00",14
2005-03-16,"8:15",18
2005-03-16,"8:30",14
2005-03-16,"8:45",13
2005-03-16,"9:00",16
2005-03-16,"9:15",30
2005-03-16,"9:30",21
2005-03-16,"9:45",20
2005-03-16,"10:00",16
2005-03-16,"10:15",30
2005-03-16,"10:30",19
2005-03-16,"10:45",30
2005-03-16,"11:00",29
2005-03-16,"11:15",38
2005-03-16,"11:30",23
2005-03-16,"11:45",33
2005-03-16,"12:00",23
2005-03-16,"12:15",40
2005-03-16,"12:30",37
2005-03-16,"12:45",36
2005-03-16,"13:00",46
2005-03-16,"13:15",40
2005-03-16,"13:30",34
2005-03-16,"13:45",54
2005-03-16,"14:00",28
2005-03-16,"14:15",42
2005-03-16,"14:30",48
2005-03-16,"14:45",49
2005-03-16,"15:00",36
2005-03-16,"15:15",40
2005-03-16,"15:30",31
2005-03-16,"15:45",28
2005-03-16,"16:00",34
2005-03-16,"16:15",24
2005-03-16,"16:30",26
2005-03-16,"16:45",30
2005-03-16,"17:00",30
2005-03-16,"17:15",29
2005-03-16,"17:30",47
2005-03-16,"17:45",47
2005-03-16,"18:00",62
2005-03-16,"18:15",83
2005-03-16,"18:30",122
2005-03-16,"18:45",83
2005-03-16,"19:00",86
2005-03-16,"19:15",71
2005-03-16,"19:30",66
2005-03-16,"19:45",65
2005-03-16,"20:00",57
2005-03-16,"20:15",61
2005-03-16,"20:30",42
2005-03-16,"20:45",38
2005-03-16,"21:00",23
2005-03-16,"21:15",22
2005-03-16,"21:30",22
2005-03-16,"21:45",16
2005-03-16,"22:00",12
2005-03-17,"6:30",3
2005-03-17,"6:45",4
2005-03-17,"7:00",4
2005-03-17,"7:15",5
2005-03-17,"7:30",13
2005-03-17,"7:45",11
2005-03-17,"8:00",19
2005-03-17,"8:15",17
2005-03-17,"8:30",11
2005-03-17,"8:45",14
2005-03-17,"9:00",13
2005-03-17,"9:15",20
2005-03-17,"9:30",19
2005-03-17,"9:45",32
2005-03-17,"10:00",16
2005-03-17,"10:15",24
2005-03-17,"10:30",29
2005-03-17,"10:45",31
2005-03-17,"11:00",27
2005-03-17,"11:15",24
2005-03-17,"11:30",21
2005-03-17,"11:45",29
2005-03-17,"12:00",33
2005-03-17,"12:15",45
2005-03-17,"12:30",24
2005-03-17,"12:45",29
2005-03-17,"13:00",54
2005-03-17,"13:15",43
2005-03-17,"13:30",34
2005-03-17,"13:45",50
2005-03-17,"14:00",60
2005-03-17,"14:15",38
2005-03-17,"14:30",42
2005-03-17,"14:45",31
2005-03-17,"15:00",13
2005-03-17,"15:15",43
2005-03-17,"15:30",0
2005-03-17,"15:45",32
2005-03-17,"16:00",29
2005-03-17,"16:15",25
2005-03-17,"16:30",42
2005-03-17,"16:45",27
2005-03-17,"17:00",31
2005-03-17,"17:15",32
2005-03-17,"17:30",41
2005-03-17,"17:45",53
2005-03-17,"18:00",63
2005-03-17,"18:15",78
2005-03-17,"18:30",93
2005-03-17,"18:45",83
2005-03-17,"19:00",81
2005-03-17,"19:15",73
2005-03-17,"19:30",64
2005-03-17,"19:45",48
2005-03-17,"20:00",55
2005-03-17,"20:15",40
2005-03-17,"20:30",22
2005-03-17,"20:45",29
2005-03-17,"21:00",30
2005-03-17,"21:15",24
2005-03-17,"21:30",13
2005-03-17,"21:45",13
2005-03-17,"22:00",12
2005-03-18,"6:30",3
2005-03-18,"6:45",1
2005-03-18,"7:00",5
2005-03-18,"7:15",7
2005-03-18,"7:30",13
2005-03-18,"7:45",11
2005-03-18,"8:00",14
2005-03-18,"8:15",19
2005-03-18,"8:30",16
2005-03-18,"8:45",14
2005-03-18,"9:00",13
2005-03-18,"9:15",19
2005-03-18,"9:30",28
2005-03-18,"9:45",17
2005-03-18,"10:00",20
2005-03-18,"10:15",27
2005-03-18,"10:30",25
2005-03-18,"10:45",36
2005-03-18,"11:00",31
2005-03-18,"11:15",43
2005-03-18,"11:30",35
2005-03-18,"11:45",33
2005-03-18,"12:00",37
2005-03-18,"12:15",32
2005-03-18,"12:30",46
2005-03-18,"12:45",34
2005-03-18,"13:00",44
2005-03-18,"13:15",57
2005-03-18,"13:30",47
2005-03-18,"13:45",60
2005-03-18,"14:00",38
2005-03-18,"14:15",35
2005-03-18,"14:30",42
2005-03-18,"14:45",39
2005-03-18,"15:00",33
2005-03-18,"15:15",39
2005-03-18,"15:30",29
2005-03-18,"15:45",44
2005-03-18,"16:00",40
2005-03-18,"16:15",40
2005-03-18,"16:30",41
2005-03-18,"16:45",47
2005-03-18,"17:00",48
2005-03-18,"17:15",71
2005-03-18,"17:30",63
2005-03-18,"17:45",67
2005-03-18,"18:00",56
2005-03-18,"18:15",70
2005-03-18,"18:30",69
2005-03-18,"18:45",52
2005-03-18,"19:00",58
2005-03-18,"19:15",58
2005-03-18,"19:30",60
2005-03-18,"19:45",48
2005-03-18,"20:00",48
2005-03-18,"20:15",39
2005-03-18,"20:30",29
2005-03-18,"20:45",25
2005-03-18,"21:00",19
2005-03-18,"21:15",22
2005-03-18,"21:30",15
2005-03-18,"21:45",9
2005-03-18,"22:00",9
2005-03-19,"6:30",0
2005-03-19,"6:45",0
2005-03-19,"7:00",1
2005-03-19,"7:15",1
2005-03-19,"7:30",3
2005-03-19,"7:45",0
2005-03-19,"8:00",0
2005-03-19,"8:15",1
2005-03-19,"8:30",1
2005-03-19,"8:45",5
2005-03-19,"9:00",3
2005-03-19,"9:15",0
2005-03-19,"9:30",4
2005-03-19,"9:45",3
2005-03-19,"10:00",10
2005-03-19,"10:15",3
2005-03-19,"10:30",4
2005-03-19,"10:45",7
2005-03-19,"11:00",6
2005-03-19,"11:15",5
2005-03-19,"11:30",3
2005-03-19,"11:45",8
2005-03-19,"12:00",7
2005-03-19,"12:15",9
2005-03-19,"12:30",12
2005-03-19,"12:45",8
2005-03-19,"13:00",7
2005-03-19,"13:15",5
2005-03-19,"13:30",8
2005-03-19,"13:45",11
2005-03-19,"14:00",16
2005-03-19,"14:15",6
2005-03-19,"14:30",9
2005-03-19,"14:45",5
2005-03-19,"15:00",6
2005-03-19,"15:15",3
2005-03-19,"15:30",4
2005-03-19,"15:45",3
2005-03-19,"16:00",5
2005-03-19,"16:15",8
2005-03-19,"16:30",5
2005-03-19,"16:45",2
2005-03-19,"17:00",6
2005-03-19,"17:15",6
2005-03-19,"17:30",9
2005-03-19,"17:45",2
2005-03-19,"18:00",2
2005-03-19,"18:15",8
2005-03-19,"18:30",1
2005-03-19,"18:45",1
2005-03-19,"19:00",3
2005-03-19,"19:15",5
2005-03-19,"19:30",3
2005-03-19,"19:45",2
2005-03-19,"20:00",3
2005-03-19,"20:15",1
2005-03-19,"20:30",3
2005-03-19,"20:45",0
2005-03-19,"21:00",2
2005-03-19,"21:15",1
2005-03-19,"21:30",2
2005-03-19,"21:45",1
2005-03-19,"22:00",0
2005-03-20,"6:30",0
2005-03-20,"6:45",0
2005-03-20,"7:00",0
2005-03-20,"7:15",0
2005-03-20,"7:30",0
2005-03-20,"7:45",0
2005-03-20,"8:00",0
2005-03-20,"8:15",0
2005-03-20,"8:30",0
2005-03-20,"8:45",0
2005-03-20,"9:00",0
2005-03-20,"9:15",0
2005-03-20,"9:30",0
2005-03-20,"9:45",2
2005-03-20,"10:00",0
2005-03-20,"10:15",1
2005-03-20,"10:30",0
2005-03-20,"10:45",0
2005-03-20,"11:00",0
2005-03-20,"11:15",0
2005-03-20,"11:30",1
2005-03-20,"11:45",0
2005-03-20,"12:00",0
2005-03-20,"12:15",3
2005-03-20,"12:30",1
2005-03-20,"12:45",1
2005-03-20,"13:00",1
2005-03-20,"13:15",5
2005-03-20,"13:30",1
2005-03-20,"13:45",1
2005-03-20,"14:00",2
2005-03-20,"14:15",0
2005-03-20,"14:30",1
2005-03-20,"14:45",0
2005-03-20,"15:00",3
2005-03-20,"15:15",2
2005-03-20,"15:30",1
2005-03-20,"15:45",1
2005-03-20,"16:00",0
2005-03-20,"16:15",1
2005-03-20,"16:30",0
2005-03-20,"16:45",1
2005-03-20,"17:00",2
2005-03-20,"17:15",4
2005-03-20,"17:30",1
2005-03-20,"17:45",2
2005-03-20,"18:00",2
2005-03-20,"18:15",2
2005-03-20,"18:30",0
2005-03-20,"18:45",0
2005-03-20,"19:00",2
2005-03-20,"19:15",4
2005-03-20,"19:30",1
2005-03-20,"19:45",1
2005-03-20,"20:00",1
2005-03-20,"20:15",1
2005-03-20,"20:30",0
2005-03-20,"20:45",1
2005-03-20,"21:00",1
2005-03-20,"21:15",2
2005-03-20,"21:30",1
2005-03-20,"21:45",0
2005-03-20,"22:00",0
2005-03-21,"6:30",1
2005-03-21,"6:45",2
2005-03-21,"7:00",2
2005-03-21,"7:15",13
2005-03-21,"7:30",18
2005-03-21,"7:45",19
2005-03-21,"8:00",20
2005-03-21,"8:15",18
2005-03-21,"8:30",22
2005-03-21,"8:45",17
2005-03-21,"9:00",10
2005-03-21,"9:15",21
2005-03-21,"9:30",16
2005-03-21,"9:45",37
2005-03-21,"10:00",27
2005-03-21,"10:15",25
2005-03-21,"10:30",32
2005-03-21,"10:45",37
2005-03-21,"11:00",32
2005-03-21,"11:15",35
2005-03-21,"11:30",41
2005-03-21,"11:45",35
2005-03-21,"12:00",41
2005-03-21,"12:15",45
2005-03-21,"12:30",34
2005-03-21,"12:45",42
2005-03-21,"13:00",59
2005-03-21,"13:15",67
2005-03-21,"13:30",60
2005-03-21,"13:45",77
2005-03-21,"14:00",39
2005-03-21,"14:15",49
2005-03-21,"14:30",57
2005-03-21,"14:45",42
2005-03-21,"15:00",27
2005-03-21,"15:15",43
2005-03-21,"15:30",30
2005-03-21,"15:45",36
2005-03-21,"16:00",32
2005-03-21,"16:15",21
2005-03-21,"16:30",39
2005-03-21,"16:45",35
2005-03-21,"17:00",44
2005-03-21,"17:15",51
2005-03-21,"17:30",3
2005-03-21,"17:45",0
2005-03-21,"18:00",0
2005-03-21,"18:15",0
2005-03-21,"18:30",65
2005-03-21,"18:45",108
2005-03-21,"19:00",101
2005-03-21,"19:15",105
2005-03-21,"19:30",74
2005-03-21,"19:45",55
2005-03-21,"20:00",53
2005-03-21,"20:15",47
2005-03-21,"20:30",45
2005-03-21,"20:45",36
2005-03-21,"21:00",35
2005-03-21,"21:15",23
2005-03-21,"21:30",12
2005-03-21,"21:45",6
2005-03-21,"22:00",2
